{"meta":{"version":1,"warehouse":"3.0.1"},"models":{"Asset":[{"_id":"themes/Butterfly/source/css/var.styl","path":"css/var.styl","modified":0,"renderable":1},{"_id":"themes/Butterfly/source/css/index.styl","path":"css/index.styl","modified":0,"renderable":1},{"_id":"themes/Butterfly/source/img/404.jpg","path":"img/404.jpg","modified":0,"renderable":1},{"_id":"themes/Butterfly/source/img/algolia.svg","path":"img/algolia.svg","modified":0,"renderable":1},{"_id":"themes/Butterfly/source/img/comment_bg.png","path":"img/comment_bg.png","modified":0,"renderable":1},{"_id":"themes/Butterfly/source/img/dongzhi.jpg","path":"img/dongzhi.jpg","modified":0,"renderable":1},{"_id":"themes/Butterfly/source/img/icp.png","path":"img/icp.png","modified":0,"renderable":1},{"_id":"themes/Butterfly/source/img/loading.gif","path":"img/loading.gif","modified":0,"renderable":1},{"_id":"themes/Butterfly/source/img/post_loadding.svg","path":"img/post_loadding.svg","modified":0,"renderable":1},{"_id":"themes/Butterfly/source/img/wechat.jpg","path":"img/wechat.jpg","modified":0,"renderable":1},{"_id":"themes/Butterfly/source/js/main.js","path":"js/main.js","modified":0,"renderable":1},{"_id":"themes/Butterfly/source/js/tw_cn.js","path":"js/tw_cn.js","modified":0,"renderable":1},{"_id":"themes/Butterfly/source/js/utils.js","path":"js/utils.js","modified":0,"renderable":1},{"_id":"themes/Butterfly/source/img/avatar.png","path":"img/avatar.png","modified":0,"renderable":1},{"_id":"themes/Butterfly/source/img/alipay.jpg","path":"img/alipay.jpg","modified":0,"renderable":1},{"_id":"themes/Butterfly/source/img/friend_404.gif","path":"img/friend_404.gif","modified":0,"renderable":1},{"_id":"themes/Butterfly/source/img/favicon.ico","path":"img/favicon.ico","modified":0,"renderable":1},{"_id":"themes/Butterfly/source/img/my.jpg","path":"img/my.jpg","modified":0,"renderable":1}],"Cache":[{"_id":"themes/Butterfly/LICENSE","hash":"c372b56b7553dafd2d8a8abf12d0dd71b4e2bfc0","modified":1576822321000},{"_id":"themes/Butterfly/README.md","hash":"1db4070582f702fa8c7de404f82bc5ef39e00600","modified":1576822321000},{"_id":"themes/Butterfly/README_CN.md","hash":"16c9c2d774d0431ebcdc3243af2bc1c1afeb8c07","modified":1576822321000},{"_id":"themes/Butterfly/package.json","hash":"8ea3f0abaa2b34d9c01ca4d58de073e682eecf54","modified":1576822321000},{"_id":"source/About/index.md","hash":"7fa85fe61a33dfdf8b68eb94b5362b04563d76c8","modified":1577098348822},{"_id":"source/List/movies.md","hash":"4ff5a1ad61812c3300df9b22bb1857937426928c","modified":1577098470092},{"_id":"source/List/music.md","hash":"708a0f6ac11bef585651e0ecabd686d59ef55a79","modified":1577098521421},{"_id":"source/_posts/Dong-Zhi.md","hash":"d84745d5bc34f6b4e2aabd96c18f38c6295c995a","modified":1577157468412},{"_id":"source/_posts/Ping-An-Ye.md","hash":"4ff6322b756292cf3c5615eca6d98be4fd54651c","modified":1577154339110},{"_id":"source/_posts/hello-world.md","hash":"acad91ace80b80295b11a9b7ad4c29a2dcfdd8fb","modified":1576983187172},{"_id":"themes/Butterfly/_config.yml","hash":"02f86a8cb8f894e160172c38869f0e2789ac7b7c","modified":1577164913906},{"_id":"source/categories/index.md","hash":"52b5c568dc71fc91d310273e9132e03321590656","modified":1577152386248},{"_id":"source/link/index.md","hash":"deb24479837678187be11f6d59c6577dd87c4a38","modified":1577099923064},{"_id":"source/messageboard/index.md","hash":"687ef582c99744afaaee93e2385b267c83e787ab","modified":1577098424180},{"_id":"source/movies/index.md","hash":"cd909254e934e7e2eb5901337f05727b17793650","modified":1577099266443},{"_id":"source/music/index.md","hash":"cdcb4c30ce3aa3ae490a2d1c746392af6c646bc3","modified":1577099278283},{"_id":"source/tags/index.md","hash":"75c442c81896d6bb4541a8b4f105f6007b24ccd8","modified":1576979193322},{"_id":"themes/Butterfly/.github/ISSUE_TEMPLATE.md","hash":"6f7e5583ca1a141cd847a117715454175adfb61f","modified":1576822321000},{"_id":"themes/Butterfly/languages/default.yml","hash":"ad6ac020ca7ba7b365f79c0358819f9a157f056e","modified":1576822321000},{"_id":"themes/Butterfly/languages/en.yml","hash":"b2b37b01e46456a4e8bc3bf1bddb0ee0b436f3e8","modified":1576822321000},{"_id":"themes/Butterfly/languages/zh-CN.yml","hash":"b82574439d6f26607531c485ba4b479f57e9c5e2","modified":1576822321000},{"_id":"themes/Butterfly/languages/zh-TW.yml","hash":"d1ff35c627f5d2c389058a26037101429e771487","modified":1576822321000},{"_id":"themes/Butterfly/layout/archive.pug","hash":"4d6209e8c781c9e283e1ac8c6f741c1ff68e0658","modified":1576822321000},{"_id":"themes/Butterfly/layout/category.pug","hash":"faf9aac87070c097e8e04eabcf341c6d04b568db","modified":1576822321000},{"_id":"themes/Butterfly/layout/flink.pug","hash":"6da8b1a80d0b39c2806af43dca232fdb0c390d94","modified":1576822321000},{"_id":"themes/Butterfly/layout/index.pug","hash":"e002f2969f8dd528c63bbd5c38859de2303f6946","modified":1576906681012},{"_id":"themes/Butterfly/layout/page.pug","hash":"448f66a6b4ff36e0b3a7777cabd4d8489a5f729a","modified":1577073687944},{"_id":"themes/Butterfly/layout/post.pug","hash":"36107d04ff2becc3a15f2fbc9aa462ee267af476","modified":1577156267959},{"_id":"themes/Butterfly/layout/tag.pug","hash":"b3b446581961a838a47f17d9d3e3c81d0baff18e","modified":1576822321000},{"_id":"themes/Butterfly/scripts/gallery-tag.js","hash":"b9e7fe3e36336bec0e9dad7243456ac98ba63984","modified":1576822321000},{"_id":"themes/Butterfly/scripts/hide_post.js","hash":"15046d3b80cd0d981dbd4caccd53972f184e98e3","modified":1576822321000},{"_id":"themes/Butterfly/scripts/highlight.js","hash":"c9c14c319a585af700852146626f519fb9cd1c17","modified":1577080512543},{"_id":"themes/Butterfly/scripts/list_archives.js","hash":"c47505eb2a3fc150e2cdb17c19bf9268b9fd0315","modified":1576822321000},{"_id":"themes/Butterfly/scripts/note.js","hash":"03d608278de2dc9c6b2af69e8d36c77c0272e2bf","modified":1576822321000},{"_id":"themes/Butterfly/scripts/photo.js","hash":"68789f881596c95d5aa0748890c949bdb3be0ba1","modified":1576822321000},{"_id":"themes/Butterfly/scripts/post-lazyload.js","hash":"f1b61cb25880e41db6a7ed58fbabc7affc2577ed","modified":1576822321000},{"_id":"themes/Butterfly/scripts/random_cover.js","hash":"81d1d2ebc4b5022d701182a98383969715f7ca53","modified":1576822321000},{"_id":"themes/Butterfly/scripts/related_post.js","hash":"c08ae947629eb3af9ece642f2d63a11403b53072","modified":1576822321000},{"_id":"themes/Butterfly/scripts/replace-config.js","hash":"4acb5a4519e1b5a29c23c83d1f70c1e298931e30","modified":1576822321000},{"_id":"themes/Butterfly/scripts/url_check.js","hash":"f3b533517dc5fc6d49dd34103f1ad91dcd6d0e87","modified":1576822321000},{"_id":"themes/Butterfly/layout/includes/additional-js.pug","hash":"bf6be2e4a90f4090de7b286f5c4aa60320ec4e65","modified":1577073137189},{"_id":"themes/Butterfly/layout/includes/config.pug","hash":"b87a0681c6675d2b48188de0c3ddc45bfaef6a00","modified":1576822321000},{"_id":"themes/Butterfly/layout/includes/footer.pug","hash":"2c099f1321bf5c8c8d6b4815a2f9e4f7e36dcd79","modified":1576822321000},{"_id":"themes/Butterfly/layout/includes/head.pug","hash":"7ea59bcd1784ac3fed9943c9f5bb3ee20a523cf5","modified":1577155396505},{"_id":"themes/Butterfly/layout/includes/header.pug","hash":"3c1ea11fb1cde7f3beda8aeddf04b076c0827a9f","modified":1576822321000},{"_id":"themes/Butterfly/layout/includes/index-js.pug","hash":"889d10fd65c61257cc2fc652f5e4c21bb5585a53","modified":1576822321000},{"_id":"themes/Butterfly/layout/includes/layout.pug","hash":"0d91b54e916e3cd6fdc33cb42936d17e2a6a7bb4","modified":1576822321000},{"_id":"themes/Butterfly/layout/includes/menu_item.pug","hash":"92527e432748c978aca4127db93421d263b7a4b8","modified":1576822321000},{"_id":"themes/Butterfly/layout/includes/mobile-sidebar.pug","hash":"37a77ae955d5c3851b1eeb507fedf78781795d51","modified":1576822321000},{"_id":"themes/Butterfly/layout/includes/nav.pug","hash":"ca0394edad88a8b7436670c04271df4cdafe1fd0","modified":1576822321000},{"_id":"themes/Butterfly/layout/includes/page_tag.pug","hash":"77806405a67ce97801f5b74adaa4c62f96b05572","modified":1576822321000},{"_id":"themes/Butterfly/layout/includes/pagination.pug","hash":"9962414e7d40c8758b0db121cfc8c1f38c5726ce","modified":1576822321000},{"_id":"themes/Butterfly/layout/includes/recent-posts.pug","hash":"e185d6147f44305e3103d8ca78189b52bb6e17d5","modified":1576822321000},{"_id":"themes/Butterfly/layout/includes/reward.pug","hash":"f0594d919091ad1f9b88389cba3cee5eabca23f7","modified":1576822321000},{"_id":"themes/Butterfly/layout/includes/rightside.pug","hash":"eacab5f86935969fbbb93955371db56f04a83843","modified":1576822321000},{"_id":"themes/Butterfly/layout/includes/sidebar.pug","hash":"b076fa6fd08dbcfd743a4f5982f89ad84791573a","modified":1576822321000},{"_id":"themes/Butterfly/source/css/var.styl","hash":"d0600350afae26a7617059b138c41bb716542a11","modified":1577159583890},{"_id":"themes/Butterfly/source/css/index.styl","hash":"d97cf99572b5285ebc7152fe72678bf92f01ac67","modified":1576822321000},{"_id":"themes/Butterfly/source/img/404.jpg","hash":"a9dff120169c4bc46d12116de792011a948938d9","modified":1576822321000},{"_id":"themes/Butterfly/source/img/algolia.svg","hash":"ec119560b382b2624e00144ae01c137186e91621","modified":1576822321000},{"_id":"themes/Butterfly/source/img/comment_bg.png","hash":"1adfc4ee925fb4f922c24d7774e7c46d940fe31b","modified":1576822321000},{"_id":"themes/Butterfly/source/img/dongzhi.jpg","hash":"0137ea4f1eeb83cc8885027f620dbecfc9f4025d","modified":1576982363997},{"_id":"themes/Butterfly/source/img/icp.png","hash":"cb1fd69b38ec23ce8366668ddffbbd0160de0104","modified":1576822321000},{"_id":"themes/Butterfly/source/img/loading.gif","hash":"5f0287fb8fb98872fe1998c6f781111819e71806","modified":1576822321000},{"_id":"themes/Butterfly/source/img/post_loadding.svg","hash":"549c58cd09dbeefd573ce10646c49ded8bcc48ec","modified":1576822321000},{"_id":"themes/Butterfly/source/img/wechat.jpg","hash":"cee23325155edc0f119316c339e6e5754be991d7","modified":1576977332097},{"_id":"themes/Butterfly/source/js/main.js","hash":"4299c1edd9b2a4ce50f5dcfab3b2154d2a4fb7c1","modified":1576822321000},{"_id":"themes/Butterfly/source/js/tw_cn.js","hash":"cc26adb3c22983ae23e0b314e0fe3b73dd61432d","modified":1576822321000},{"_id":"themes/Butterfly/source/js/utils.js","hash":"693e23855afde9c4ccc55244bac1a37bbe78972c","modified":1576822321000},{"_id":"themes/Butterfly/source/img/avatar.png","hash":"77f00530b5f24207d00f3e92f9821cc1d4eb3d40","modified":1576822321000},{"_id":"themes/Butterfly/source/img/alipay.jpg","hash":"8a4793ade471566e57612d928ad626768d844615","modified":1576977302197},{"_id":"themes/Butterfly/source/img/friend_404.gif","hash":"8d2d0ebef70a8eb07329f57e645889b0e420fa48","modified":1576822321000},{"_id":"themes/Butterfly/layout/includes/comments/disqus.pug","hash":"37357152952f1d8f7f9eac390baaae29647e8b69","modified":1576822321000},{"_id":"themes/Butterfly/layout/includes/comments/gitalk.pug","hash":"8fa5708ab3f6d5cb21ee7e9ffdc293643985fc35","modified":1576822321000},{"_id":"themes/Butterfly/layout/includes/comments/laibili.pug","hash":"97de1d1fb0459e7a2394ac2f5e449adf9b6986cb","modified":1576822321000},{"_id":"themes/Butterfly/layout/includes/comments/index.pug","hash":"6e90c1c0862b8a052ff26c67e6d7e7b31f1bd74d","modified":1576822321000},{"_id":"themes/Butterfly/layout/includes/comments/valine.pug","hash":"c9bd1dbde21e179678e056236fe93700b2c64bc6","modified":1576822321000},{"_id":"themes/Butterfly/layout/includes/head/Open_Graph.pug","hash":"141aaad9a9f59fb1e2afd59fc52d4e04e6ee2bfc","modified":1577156078259},{"_id":"themes/Butterfly/layout/includes/head/analytics.pug","hash":"eaef93932742a1f3d27746943cba0edc6f5aff8f","modified":1576822321000},{"_id":"themes/Butterfly/layout/includes/head/darkmode.pug","hash":"6e45c4dd45ed8037948639e30947886aff186f8b","modified":1576822321000},{"_id":"themes/Butterfly/layout/includes/head/dns_prefetch.pug","hash":"54f091a1736e6186707a5ead25bf98fcd55e9661","modified":1576822321000},{"_id":"themes/Butterfly/layout/includes/head/site_verification.pug","hash":"f5c8ec73c797ff3455e732fa7c92c856692f3ce5","modified":1576822321000},{"_id":"themes/Butterfly/layout/includes/head/pwa.pug","hash":"be1ff710e4381fc684243313dcadf0140d7469de","modified":1576822321000},{"_id":"themes/Butterfly/layout/includes/head/google_adsense.pug","hash":"ff4ceda534cdd711cfa2cb9e95e36258988674e1","modified":1576822321000},{"_id":"themes/Butterfly/layout/includes/math/index.pug","hash":"ec97f284626b67208370b5084e5c5822844fa30a","modified":1576822321000},{"_id":"themes/Butterfly/layout/includes/math/katex.pug","hash":"73356f1068c7426597e268d6c4aefa2b0ac3a1d9","modified":1576822321000},{"_id":"themes/Butterfly/layout/includes/math/mathjax.pug","hash":"6ccfaa776fc913ccf8b34825d918ab2b4d457434","modified":1576822321000},{"_id":"themes/Butterfly/layout/includes/mixins/UI.pug","hash":"3b2ae03259fe632441fd86a163ad65838d6c202e","modified":1576822321000},{"_id":"themes/Butterfly/layout/includes/mixins/article-sort.pug","hash":"a521e0b4760bc77c293a115603d84e4863544982","modified":1576822321000},{"_id":"themes/Butterfly/layout/includes/search/algolia.pug","hash":"44d5a061df53a276d22b3855652645d90117d0b6","modified":1576822321000},{"_id":"themes/Butterfly/layout/includes/search/index.pug","hash":"b01828b37d789797aeb5433f1705cff3c540a4d5","modified":1576822321000},{"_id":"themes/Butterfly/layout/includes/share/add-this.pug","hash":"2980f1889226ca981aa23b8eb1853fde26dcf89a","modified":1576822321000},{"_id":"themes/Butterfly/layout/includes/search/local-search.pug","hash":"bc3d9694f3f3f3d4d95e8ccadbf6e27a61093c6d","modified":1576822321000},{"_id":"themes/Butterfly/layout/includes/share/addtoany.pug","hash":"bbf5b70460b17c4fecb9ee6880aa71cdb2d807a8","modified":1576822321000},{"_id":"themes/Butterfly/layout/includes/share/index.pug","hash":"c341aaa00113681b22f945f5004e6b22c8a0ca69","modified":1576822321000},{"_id":"themes/Butterfly/layout/includes/share/share-js.pug","hash":"8ab8fc87104dfe1de8107ec984b35c821813e310","modified":1576822321000},{"_id":"themes/Butterfly/layout/includes/third-party/canvas-nest.pug","hash":"3d7a3654ae03fd2665ea355ee9eac48af0ee82af","modified":1576822321000},{"_id":"themes/Butterfly/layout/includes/third-party/canvas-ribbon-piao.pug","hash":"001f28c633d2ec2d5ef9ca047fb1fe61ffefd66f","modified":1576822321000},{"_id":"themes/Butterfly/layout/includes/third-party/canvas-ribbon.pug","hash":"47892d5cec13b047bd38d1101574d47836bf67e9","modified":1576822321000},{"_id":"themes/Butterfly/layout/includes/widget/card_announcement.pug","hash":"32d5e234dda73e613f907bd26e255b9213d1d74d","modified":1576822321000},{"_id":"themes/Butterfly/layout/includes/widget/card_archives.pug","hash":"4abbd02c7dcb2c0a42062d6c18d87faa60988914","modified":1576822321000},{"_id":"themes/Butterfly/layout/includes/widget/card_author.pug","hash":"749329a39e44bafbf0ea3a3f07cbe558899cefe7","modified":1576822321000},{"_id":"themes/Butterfly/layout/includes/widget/card_recent_post.pug","hash":"dbfbc1d1f063a9121a8b67ed57db26fccd50b087","modified":1576822321000},{"_id":"themes/Butterfly/layout/includes/widget/card_categories.pug","hash":"7d4201dfe3a096c2470c2f1f4ded7b02e3250a40","modified":1576822321000},{"_id":"themes/Butterfly/layout/includes/widget/card_tags.pug","hash":"284f10318cd7e048fcf6fad70c38c562520244b8","modified":1576822321000},{"_id":"themes/Butterfly/layout/includes/widget/card_webinfo.pug","hash":"e912c7925ca8e57f0cd7b0ea0cc43656177122ef","modified":1576822321000},{"_id":"themes/Butterfly/layout/includes/widget/index.pug","hash":"1f550ae2b824a00f71b09e13bce07f0ba05f4d35","modified":1576822321000},{"_id":"themes/Butterfly/source/css/_global/index.styl","hash":"ca66630f0f20fcd99ce88dd6807cc22212b3e10a","modified":1577066708745},{"_id":"themes/Butterfly/source/css/_search/index.styl","hash":"a086ae149c740345d2a345c30cd5becf2edf857c","modified":1576822321000},{"_id":"themes/Butterfly/source/css/_search/algolia.styl","hash":"610822c1ab60f93e7ae50a2c2e616841a57e80a7","modified":1576822321000},{"_id":"themes/Butterfly/source/css/_search/local-search.styl","hash":"02b9b63d9c4e7e7948f745948e32f965b1bc287b","modified":1576822321000},{"_id":"themes/Butterfly/source/css/_layout/aside.styl","hash":"79d05e53b8f1e322ab51d7c60da3ac7a49863807","modified":1577066815654},{"_id":"themes/Butterfly/source/css/_layout/category.styl","hash":"43665a1e053e838673b683780650822dd7a9a749","modified":1576822321000},{"_id":"themes/Butterfly/source/css/_layout/comments.styl","hash":"08a8b4ea7f4e3b2d347945b13695103a1ec1d463","modified":1576822321000},{"_id":"themes/Butterfly/source/css/_layout/flink.styl","hash":"75c46f41be2d29c1de8e76d0fe2b0e14ae63ab8e","modified":1576822321000},{"_id":"themes/Butterfly/source/css/_layout/footer.styl","hash":"4131ce6cd96344caff006ffd4c084df2dbb868f3","modified":1576822321000},{"_id":"themes/Butterfly/source/css/_layout/head.styl","hash":"43ec56fdf168a191100b2d8c0f44bfd2af66e8b1","modified":1576822321000},{"_id":"themes/Butterfly/source/css/_layout/mobile-sidebar.styl","hash":"b691ed975e3408a63be9dbe378b0a686f7286788","modified":1576822321000},{"_id":"themes/Butterfly/source/css/_layout/note.styl","hash":"0137e10a1d2cef31f5099c8bc2b68f9a4ce5708f","modified":1576822321000},{"_id":"themes/Butterfly/source/css/_layout/page.styl","hash":"a786e16dcf7c3661e5715004e8c4898854ca4ae5","modified":1576822321000},{"_id":"themes/Butterfly/source/css/_layout/pagination.styl","hash":"42fb06d38683f124b231964211bd0713d4b94420","modified":1576822321000},{"_id":"themes/Butterfly/source/css/_layout/post.styl","hash":"4f8b75b02c9db40c3ecbdbf67712bd155f034fbe","modified":1576822321000},{"_id":"themes/Butterfly/source/css/_layout/readmode.styl","hash":"d2609c084c68f14c0cb1f966767f12227faed2c6","modified":1576822321000},{"_id":"themes/Butterfly/source/css/_layout/reward.styl","hash":"e7edcb1824b4a7b5f3079f96496465be7cb8758f","modified":1576822321000},{"_id":"themes/Butterfly/source/css/_layout/relatedposts.styl","hash":"cfd36d53386c99c465f4add125524a6d3b4f6cfb","modified":1576822321000},{"_id":"themes/Butterfly/source/css/_layout/rightside.styl","hash":"4feb9cc8bea6a9521fbb4cdeaaa71d31cb112e4c","modified":1576822321000},{"_id":"themes/Butterfly/source/css/_layout/sidebar.styl","hash":"e1f1f104155681a0d630688e40b3ecd4461852a5","modified":1576822321000},{"_id":"themes/Butterfly/source/css/_layout/z-darkmode.styl","hash":"5f2231f3392444ae8b32bb58a60eb53db8de9670","modified":1576822321000},{"_id":"themes/Butterfly/source/css/_third-party/jquery.fancybox.min.css","hash":"f9c94ec04062a1bfe1ef894c49e6ec33fa121778","modified":1576822321000},{"_id":"themes/Butterfly/source/css/_third-party/normalize.min.css","hash":"001bd6d68a9b9af5dd0158fe116889434f36b1fd","modified":1576822321000},{"_id":"themes/Butterfly/source/css/_highlight/diff.styl","hash":"b0079f6da761935b720d70dafd826ef62fad86d2","modified":1576822321000},{"_id":"themes/Butterfly/source/css/_highlight/highlight.styl","hash":"2ef6b0953d2681cf2c004ffe0650549e123e8ca7","modified":1576822321000},{"_id":"themes/Butterfly/source/css/_highlight/theme.styl","hash":"efceb8105830544cef5e4afad3243326b3118fc1","modified":1576822321000},{"_id":"themes/Butterfly/source/img/favicon.ico","hash":"fa24879d445e5efebcfa17d694a7cf708d9e7843","modified":1576987448681},{"_id":"themes/Butterfly/source/img/my.jpg","hash":"c5a66095b86ea98e4cc612f1e0642b58a0fb7079","modified":1576981944073},{"_id":"public/link/index.html","hash":"da39a3ee5e6b4b0d3255bfef95601890afd80709","modified":1577164956584},{"_id":"public/About/index.html","hash":"c0bedeaae4b0548c51448ab91a4f2af7b8e0fb8f","modified":1577164956584},{"_id":"public/List/movies.html","hash":"dfbf18a4922c61c78f907d2daffa1383fe4aaa8f","modified":1577164956584},{"_id":"public/List/music.html","hash":"9f93f0126d402dcbffc29910f3ac6909346a98b0","modified":1577164956584},{"_id":"public/categories/index.html","hash":"17542ceaf162b6f5b60b82efc0639ef99815a5bb","modified":1577164956584},{"_id":"public/messageboard/index.html","hash":"cb053f0aca22b9a51a97e393046cc88a733d4703","modified":1577164956584},{"_id":"public/music/index.html","hash":"c228f7ea0abba51cae497127e768ce7b494089aa","modified":1577164956584},{"_id":"public/movies/index.html","hash":"b5d63592011c5da394f3fd73ef2f64428fc52a8d","modified":1577164956584},{"_id":"public/tags/index.html","hash":"b6c252afc2d1e67fc41a26061a59ec85d95793fc","modified":1577164956584},{"_id":"public/2019/12/24/Ping-An-Ye/index.html","hash":"b0acad340480ec021708bb366ce6bcb11e83f171","modified":1577164956584},{"_id":"public/2019/12/23/hello-world/index.html","hash":"0dc27c700513aa55a0f2734956a46365a8641612","modified":1577164956584},{"_id":"public/2019/12/22/Dong-Zhi/index.html","hash":"f06767e3e68b6e9769c41ed4a15d7fb048758558","modified":1577164956584},{"_id":"public/archives/index.html","hash":"5ecc1f4065d162854df376879bc995f73a2f5ea3","modified":1577164956584},{"_id":"public/archives/2019/index.html","hash":"b1f81aaff101e3eca6fdedad16e7b78a1f236dfa","modified":1577164956584},{"_id":"public/archives/2019/12/index.html","hash":"12ec7eb4ad287e2304136922874ed6176201d318","modified":1577164956584},{"_id":"public/index.html","hash":"b1c40c9f023c148933c713c1eedcbedbbaebf8bb","modified":1577164956584},{"_id":"public/categories/Festival/index.html","hash":"ea7cead2bd2d25cdf6c2769a43c3c8cff247ea90","modified":1577164956584},{"_id":"public/tags/Festival/index.html","hash":"27b633a8ec8c6e101d32c2288794467a9800cf05","modified":1577164956584},{"_id":"public/img/algolia.svg","hash":"ec119560b382b2624e00144ae01c137186e91621","modified":1577164956584},{"_id":"public/img/comment_bg.png","hash":"1adfc4ee925fb4f922c24d7774e7c46d940fe31b","modified":1577164956584},{"_id":"public/img/icp.png","hash":"cb1fd69b38ec23ce8366668ddffbbd0160de0104","modified":1577164956584},{"_id":"public/img/dongzhi.jpg","hash":"0137ea4f1eeb83cc8885027f620dbecfc9f4025d","modified":1577164956584},{"_id":"public/img/loading.gif","hash":"5f0287fb8fb98872fe1998c6f781111819e71806","modified":1577164956584},{"_id":"public/img/post_loadding.svg","hash":"549c58cd09dbeefd573ce10646c49ded8bcc48ec","modified":1577164956584},{"_id":"public/img/wechat.jpg","hash":"cee23325155edc0f119316c339e6e5754be991d7","modified":1577164956584},{"_id":"public/img/404.jpg","hash":"a9dff120169c4bc46d12116de792011a948938d9","modified":1577164956584},{"_id":"public/img/avatar.png","hash":"77f00530b5f24207d00f3e92f9821cc1d4eb3d40","modified":1577164956584},{"_id":"public/img/alipay.jpg","hash":"8a4793ade471566e57612d928ad626768d844615","modified":1577164956584},{"_id":"public/img/friend_404.gif","hash":"8d2d0ebef70a8eb07329f57e645889b0e420fa48","modified":1577164956584},{"_id":"public/css/var.css","hash":"da39a3ee5e6b4b0d3255bfef95601890afd80709","modified":1577164956584},{"_id":"public/js/utils.js","hash":"693e23855afde9c4ccc55244bac1a37bbe78972c","modified":1577164956584},{"_id":"public/css/index.css","hash":"5e9e18ecf77f5b65ef1aca01596fcfb77f04ac25","modified":1577164956584},{"_id":"public/js/tw_cn.js","hash":"cc26adb3c22983ae23e0b314e0fe3b73dd61432d","modified":1577164956584},{"_id":"public/js/main.js","hash":"4299c1edd9b2a4ce50f5dcfab3b2154d2a4fb7c1","modified":1577164956584},{"_id":"public/img/my.jpg","hash":"c5a66095b86ea98e4cc612f1e0642b58a0fb7079","modified":1577164956584},{"_id":"public/img/favicon.ico","hash":"fa24879d445e5efebcfa17d694a7cf708d9e7843","modified":1577164956584},{"_id":"source/_posts/daojishi.md","hash":"158cfc2067246c41cdc5af89a1ad11c00ae0efae","modified":1577528437048},{"_id":"source/daojishi/index.md","hash":"1a948d78a8fb10a6a51b8cb4f1cf69d34eee20c8","modified":1577528150325}],"Category":[{"name":"Festival","_id":"ck4jfan3l000674uode53ax4z"}],"Data":[],"Page":[{"title":"视频","date":"2019-12-23T10:51:20.000Z","_content":"","source":"List/movies.md","raw":"---\ntitle: '视频'\ndate: 2019-12-23 18:51:20\n---\n","updated":"2019-12-23T10:54:30.092Z","path":"List/movies.html","comments":1,"layout":"page","_id":"ck4jfan36000074uob2348ap8","content":"<html><head></head><body></body></html>","site":{"data":{}},"cover":"https://cdn.jsdelivr.net/gh/jerryc127/butterfly_cdn@2.1.0/top_img/default.png","excerpt":"","more":""},{"title":"About","date":"2019-12-23T10:52:28.000Z","_content":"","source":"About/index.md","raw":"---\ntitle: About\ndate: 2019-12-23 18:52:28\n---\n","updated":"2019-12-23T10:52:28.822Z","path":"About/index.html","comments":1,"layout":"page","_id":"ck4jfan3f000274uo0py2gixr","content":"<html><head></head><body></body></html>","site":{"data":{}},"cover":"https://cdn.jsdelivr.net/gh/jerryc127/butterfly_cdn@2.1.0/top_img/default.png","excerpt":"","more":""},{"title":"音乐","date":"2019-12-23T10:52:42.000Z","_content":"","source":"List/music.md","raw":"---\ntitle: '音乐'\ndate: 2019-12-23 18:52:42\n---\n","updated":"2019-12-23T10:55:21.421Z","path":"List/music.html","comments":1,"layout":"page","_id":"ck4jfan3j000474uogf929gfh","content":"<html><head></head><body></body></html>","site":{"data":{}},"cover":"https://cdn.jsdelivr.net/gh/jerryc127/butterfly_cdn@2.1.0/top_img/default.png","excerpt":"","more":""},{"title":"分类","date":"2019-12-23T10:51:20.000Z","type":"categories","_content":"","source":"categories/index.md","raw":"---\ntitle: '分类'\ndate: 2019-12-23 18:51:20\ntype: \"categories\"\n---\n","updated":"2019-12-24T01:53:06.248Z","path":"categories/index.html","comments":1,"layout":"page","_id":"ck4jfan3o000874uo0iduh8id","content":"<html><head></head><body></body></html>","site":{"data":{}},"cover":"https://cdn.jsdelivr.net/gh/jerryc127/butterfly_cdn@2.1.0/top_img/default.png","excerpt":"","more":""},{"title":"友情链接","date":"2019-12-23T10:52:04.000Z","type":"link","_content":"\n","source":"link/index.md","raw":"---\ntitle: '友情链接'\ndate: 2019-12-23 18:52:04\ntype: \"link\"\n---\n\n","updated":"2019-12-23T11:18:43.064Z","path":"link/index.html","comments":1,"layout":"page","_id":"ck4jfan3p000974uo7qdj7ed9","content":"<html><head></head><body></body></html>","site":{"data":{}},"cover":"https://cdn.jsdelivr.net/gh/jerryc127/butterfly_cdn@2.1.0/top_img/default.png","excerpt":"","more":""},{"title":"留言板","date":"2019-12-23T10:52:16.000Z","_content":"","source":"messageboard/index.md","raw":"---\ntitle: '留言板'\ndate: 2019-12-23 18:52:16\n---\n","updated":"2019-12-23T10:53:44.180Z","path":"messageboard/index.html","comments":1,"layout":"page","_id":"ck4jfan3r000a74uo4zbn454t","content":"<html><head></head><body></body></html>","site":{"data":{}},"cover":"https://cdn.jsdelivr.net/gh/jerryc127/butterfly_cdn@2.1.0/top_img/default.png","excerpt":"","more":""},{"title":"music","date":"2019-12-23T11:07:58.000Z","_content":"","source":"music/index.md","raw":"---\ntitle: music\ndate: 2019-12-23 19:07:58\n---\n","updated":"2019-12-23T11:07:58.283Z","path":"music/index.html","comments":1,"layout":"page","_id":"ck4jfan3s000c74uo6wbm9wwk","content":"<html><head></head><body></body></html>","site":{"data":{}},"cover":"https://cdn.jsdelivr.net/gh/jerryc127/butterfly_cdn@2.1.0/top_img/default.png","excerpt":"","more":""},{"title":"movies","date":"2019-12-23T11:07:46.000Z","_content":"","source":"movies/index.md","raw":"---\ntitle: movies\ndate: 2019-12-23 19:07:46\n---\n","updated":"2019-12-23T11:07:46.443Z","path":"movies/index.html","comments":1,"layout":"page","_id":"ck4jfan3u000d74uocl8df68b","content":"<html><head></head><body></body></html>","site":{"data":{}},"cover":"https://cdn.jsdelivr.net/gh/jerryc127/butterfly_cdn@2.1.0/top_img/default.png","excerpt":"","more":""},{"title":"标签","date":"2019-12-22T01:45:53.000Z","type":"tags","_content":"","source":"tags/index.md","raw":"---\ntitle: '标签'\ndate: 2019-12-22 09:45:53\ntype: \"tags\"\n---\n","updated":"2019-12-22T01:46:33.322Z","path":"tags/index.html","comments":1,"layout":"page","_id":"ck4jfan3v000f74uo64cv5r2t","content":"<html><head></head><body></body></html>","site":{"data":{}},"cover":"https://cdn.jsdelivr.net/gh/jerryc127/butterfly_cdn@2.1.0/top_img/default.png","excerpt":"","more":""}],"Post":[{"title":"冬至","date":"2019-12-22T02:44:46.000Z","type":"tags","comments":1,"description":"冬至大如年，人间小团圆","top_img":"http://n.sinaimg.cn/sinacn/w1024h640/20171222/bdd9-fypvuqe9784306.jpg","cover":"http://wx2.sinaimg.cn/orj360/006zeijzgy1ga5d5xwj9uj30gu0b9ajh.jpg","toc":null,"toc_number":null,"copyright":null,"mathjax":null,"katex":null,"hide":null,"_content":"冬至，数九寒天第一日，美食进补好时节。南有“家家捣米做汤圆”的习俗，北有“冬至不端饺子碗，冻掉耳朵没人管”的说法。\n今天，哪个是你的必吃款？\n\n## 冬至大如年，人间小团圆\n冬至被视为冬季的大节日\n\n排在二十四节气之首\n\n在民间有“冬至大如年”的讲法\n\n所以古人称冬至为“亚岁”或“小年”\n\n\n冬至北方吃的是饺子\n\n南方更多吃的是汤圆，寓意团团圆圆。\n\n其他地方还有吃羊肉、吃酿酒等习俗。\n\n岁月匆匆，料峭又一年\n\n祝你\n\n冬至快乐，合家欢乐，健康幸福美满！\n\n\n","source":"_posts/Dong-Zhi.md","raw":"---\ntitle: '冬至'\ndate: 2019-12-22 10:44:46\ntype: tags #（tags,link,categories这三个页面需要配置）\ncomments: true # (是否需要显示评论，默认true)\ndescription: '冬至大如年，人间小团圆'\ntop_img: 'http://n.sinaimg.cn/sinacn/w1024h640/20171222/bdd9-fypvuqe9784306.jpg' #设置顶部图\ncover: 'http://wx2.sinaimg.cn/orj360/006zeijzgy1ga5d5xwj9uj30gu0b9ajh.jpg'  #缩略图\ntoc:  #是否显示toc （除非特定文章设置，可以不写）\ntoc_number: #是否显示toc数字 （除非特定文章设置，可以不写）\ncopyright: #是否显示版权 （除非特定文章设置，可以不写）\nmathjax:\nkatex:\nhide:\n\n---\n冬至，数九寒天第一日，美食进补好时节。南有“家家捣米做汤圆”的习俗，北有“冬至不端饺子碗，冻掉耳朵没人管”的说法。\n今天，哪个是你的必吃款？\n\n## 冬至大如年，人间小团圆\n冬至被视为冬季的大节日\n\n排在二十四节气之首\n\n在民间有“冬至大如年”的讲法\n\n所以古人称冬至为“亚岁”或“小年”\n\n\n冬至北方吃的是饺子\n\n南方更多吃的是汤圆，寓意团团圆圆。\n\n其他地方还有吃羊肉、吃酿酒等习俗。\n\n岁月匆匆，料峭又一年\n\n祝你\n\n冬至快乐，合家欢乐，健康幸福美满！\n\n\n","slug":"Dong-Zhi","published":1,"updated":"2019-12-24T03:17:48.412Z","layout":"post","photos":[],"link":"","_id":"ck4jfan3b000174uo07n08bm0","content":"<html><head></head><body><p>冬至，数九寒天第一日，美食进补好时节。南有“家家捣米做汤圆”的习俗，北有“冬至不端饺子碗，冻掉耳朵没人管”的说法。<br>今天，哪个是你的必吃款？</p>\n<h2 id=\"冬至大如年，人间小团圆\"><a href=\"#冬至大如年，人间小团圆\" class=\"headerlink\" title=\"冬至大如年，人间小团圆\"></a>冬至大如年，人间小团圆</h2><p>冬至被视为冬季的大节日</p>\n<p>排在二十四节气之首</p>\n<p>在民间有“冬至大如年”的讲法</p>\n<p>所以古人称冬至为“亚岁”或“小年”</p>\n<p>冬至北方吃的是饺子</p>\n<p>南方更多吃的是汤圆，寓意团团圆圆。</p>\n<p>其他地方还有吃羊肉、吃酿酒等习俗。</p>\n<p>岁月匆匆，料峭又一年</p>\n<p>祝你</p>\n<p>冬至快乐，合家欢乐，健康幸福美满！</p>\n</body></html>","site":{"data":{}},"excerpt":"","more":"<p>冬至，数九寒天第一日，美食进补好时节。南有“家家捣米做汤圆”的习俗，北有“冬至不端饺子碗，冻掉耳朵没人管”的说法。<br>今天，哪个是你的必吃款？</p>\n<h2 id=\"冬至大如年，人间小团圆\"><a href=\"#冬至大如年，人间小团圆\" class=\"headerlink\" title=\"冬至大如年，人间小团圆\"></a>冬至大如年，人间小团圆</h2><p>冬至被视为冬季的大节日</p>\n<p>排在二十四节气之首</p>\n<p>在民间有“冬至大如年”的讲法</p>\n<p>所以古人称冬至为“亚岁”或“小年”</p>\n<p>冬至北方吃的是饺子</p>\n<p>南方更多吃的是汤圆，寓意团团圆圆。</p>\n<p>其他地方还有吃羊肉、吃酿酒等习俗。</p>\n<p>岁月匆匆，料峭又一年</p>\n<p>祝你</p>\n<p>冬至快乐，合家欢乐，健康幸福美满！</p>\n"},{"layout":"_posts","title":"Christmas Eve","date":"2019-12-24T01:45:01.000Z","comments":1,"description":"平安夜，吃一个苹果代表平安的话，那我吃两个苹果，是不是就可以平平安安！","top_img":"https://timgsa.baidu.com/timg?image&quality=80&size=b9999_10000&sec=1577162752535&di=0a3bb4d6291451c48d6e8a5884d0b8ee&imgtype=0&src=http%3A%2F%2Foss.tan8.com%2Fyuepuku%2F112%2F56402%2F56402_prev.jpg%3Fv%3D1509110240","cover":"https://timgsa.baidu.com/timg?image&quality=80&size=b9999_10000&sec=1577161924866&di=d0ed2c2dc2e308935fae3eda69cc333b&imgtype=0&src=http%3A%2F%2Fuploads.xuexila.com%2Fallimg%2F1912%2F1230-1912231A459227.jpg","toc":null,"toc_number":null,"abbrlink":"10bd12ca","copyright":null,"_content":"平安夜、圣诞节即将来了，难道送女朋友的礼物还没安排上吗？\n\n一定要抓住这个机会哦，\n\n否则这个年都不好过了，\n\n哈哈哈哈哈哈.\n\n![平安夜、圣诞节](https://th.wallhaven.cc/small/gj/gj9e7e.jpg)\n## 平安夜 && 圣诞节\n\n### 1.圣诞新年\n\n平安夜指12月24日晚，是圣诞夜的意思，英语叫Christmas Eve（圣诞前夕，圣诞前夜），平安夜也用来表示圣诞节前一天。巧得很，和中国民间的“扫尘节”一样（夏历12月24日，在全国大部分地区的家庭里都要扫尘，“尘”和“陈”谐音，“扫尘”因而有“除旧”的意思），在旧时的欧洲，平安夜也是扫尘的日子。这一天尤其对农村的父母来说，是非常辛劳的一天。他们要为圣诞节和新年做许许多多事情：忙地里活、照料牲口、擦地板、洗厨具、烤圣诞鹅、做蛋糕、布置圣诞树、张罗圣诞礼物……等到全家团聚欢庆平安夜的时候，父母们通常已经累得直不起腰了。\n\n很多人询问平安夜的由来。圣诞节是指12月25日，平安夜是指12月24日是圣诞前夕，称为圣诞夜，也称为平安夜。届时，千千万万的欧美人风尘仆仆地赶回家中团聚。圣诞之夜必不可少的节目是Party或聚会。大多数欧美家庭成员团聚在家中，共进丰盛的晚餐，然后围坐在熊熊燃烧的火炉旁，弹琴唱歌，共叙天伦之乐；或者举办一个别开生面的化妆舞会，通宵达旦地庆祝圣诞夜是一个幸福、祥和、狂欢的平安夜、团圆夜。圣诞之夜，父母们会悄悄地给孩子们准备礼物放在长统袜里。\n\n圣诞夜的高潮是基督教堂在圣诞夜举行的活动。圣诞夜弥撒一般分为两次，晚上9～10点的一次对教众举行；另一次是子夜时分的大弥撒，这是圣诞夜的高潮。子夜大弥撒在午夜结束，此时，正好圣诞节来临，常常伴随着教堂的钟声，敲响了对世界的宽恕、祝福和欢乐、幸福。\n\n### 2.唱圣诞歌\n\n圣诞夜唱圣诞歌，这是古老的传统；据不完全统计，全世界有记载的圣诞歌约有上千首；久唱不衰的有五十几首，而最有名的圣诞歌是《平安夜》。这首歌共有6小节，通常流行的是3小节（原作中的第一、第二和第六小节）第一节的歌词大意为：平安夜，神圣的夜！/人人安息，/至圣独醒。/慈祥鬈发的儿子，/睡吧，在美妙的宁静中，/睡吧，在美妙的宁静中。第一句就是“平安夜”，歌名因此也叫《平安夜》，从此，圣诞夜就得名“平安夜”。 \n\n1792年12月11日，约瑟夫·莫尔作为编织女工安娜·朔伊贝尔和当地驻军的一个步兵的私生子在奥地利萨尔茨堡出生，父亲因害怕而逃走。洗礼时，只好请了萨尔茨堡的一个名叫约瑟夫·沃尔格穆特的刽子手当教父。莫尔心地善良，好为弱者、穷人和孩子们做事，但不幸的身世使年轻的莫尔不断受到驱赶，直至1815年，莫尔才担任萨尔茨堡附近奥伯恩多夫小镇的牧师，在那儿的集市上认识了来自邻镇阿恩斯多夫的小学教师和集市组织者弗兰茨·克萨弗·格鲁贝尔，两人成了好朋友。莫尔（作词）和格鲁贝尔（作曲）合作的圣诞歌《平安夜》于1818年12月24日首次在奥伯恩多夫镇教堂演唱，由于管风琴被老鼠咬坏，临时改用吉他伴奏。顺便提一下，《平安夜》几乎译成了全世界所有的语言，歌词原文是用德语写的，第一句是Stille Nacht（寂静的夜或安静的夜），安静或寂静与“平安”还是有区别的，但最早就以“平安夜”被译成了中文，先入为主吧。\n\n1914年12月24日，参加第一次世界大战的各国士兵自发停战，他们从广播中听到了奥地利歌剧女演员奥丽丝·舒曼演唱的《平安夜》。此时此刻，她的两个儿子都在前线聆听母亲的演唱，一个在德军的战壕里，另一个在协约国军队的前沿阵地，他们多么希望战争早日结束，回家和母亲团聚。\n不管在哪里、如何欢度平安夜，需要记住的是，《平安夜》见证了世界人民渴望和平的心愿，在平安夜要感恩你们的父母亲。\n\n### 3.平安果文案\n\n1. 平安夜，吃一个苹果代表平安的话，那我吃两个苹果，是不是就可以平平安安！\n\n2. 比平安夜收不到苹果更心酸的事，大概就是送不出苹果了吧。\n\n3. 今天平安夜记得吃苹果，明天圣诞节记得吃圣诞树。\n\n4. 如果在平安夜没有收到我的任何表示，请不要怀疑我们的友谊，我只是穷了而已。\n\n5. 是平安夜是圣诞节，是落叶是初雪，是你喜欢的音乐我喜欢的句子，还有你。\n\n6. 听说在平安夜的晚上，把袜子翻过来，里朝外，挂起来，整个世界都是你的礼物。\n\n7. 把麋鹿挂在圣诞树上，把我挂在你心上。\n\n8. 我是铃儿你是叮当，因为铃儿响叮当。\n\n9. merry Christmas不如marry me。\n\n10. 我可以做你的平安果吗。\n\n### 4.圣诞节送什么礼物给女朋友?\n\n1. 我跟圣诞老人说礼物是我 小朋友 是你\n\n2. 圣诞老人说他很忙，于是托我告诉你他把你的礼物放在了镜子里，只要你冲着它笑，礼物就会出现在你面前！\n\n3. 你不是老吵着圣诞节要礼物遇到我就是上天给你最好的礼物\n\n4. 我是铃儿你是叮当因为铃儿想叮当\n\n5. 如果有一天你被圣诞老人装进袋子里别担心 因为你就是我要的圣诞礼物\n\n6. 你把前置摄像头打开 看到了吗里面是我最想要的圣诞礼物\n\n7. 我收到过最好的圣诞礼物是穿越风雪为我而来的你\n\n8. 我是白胡子老头快开门 我送礼物来了哟\n\n9. 让我住进你心里就是你给我最好的圣诞礼物\n\n10. 把麋鹿挂在圣诞树上把你挂在我心上\n\n","source":"_posts/Ping-An-Ye.md","raw":"---\nlayout: _posts\ntitle: 'Christmas Eve'\ndate: 2019-12-24 09:45:01\ntags:\n  - Festival\ncategories:\n- Festival\ncomments: true\ndescription: '平安夜，吃一个苹果代表平安的话，那我吃两个苹果，是不是就可以平平安安！'\ntop_img: 'https://timgsa.baidu.com/timg?image&quality=80&size=b9999_10000&sec=1577162752535&di=0a3bb4d6291451c48d6e8a5884d0b8ee&imgtype=0&src=http%3A%2F%2Foss.tan8.com%2Fyuepuku%2F112%2F56402%2F56402_prev.jpg%3Fv%3D1509110240' #设置顶部图\ncover: 'https://timgsa.baidu.com/timg?image&quality=80&size=b9999_10000&sec=1577161924866&di=d0ed2c2dc2e308935fae3eda69cc333b&imgtype=0&src=http%3A%2F%2Fuploads.xuexila.com%2Fallimg%2F1912%2F1230-1912231A459227.jpg'  #缩略图\ntoc:  #是否显示toc （除非特定文章设置，可以不写）\ntoc_number: #是否显示toc数字 （除非特定文章设置，可以不写）\nabbrlink: 10bd12ca\ncopyright: #是否显示版权 （除非特定文章设置，可以不写）\n---\n平安夜、圣诞节即将来了，难道送女朋友的礼物还没安排上吗？\n\n一定要抓住这个机会哦，\n\n否则这个年都不好过了，\n\n哈哈哈哈哈哈.\n\n![平安夜、圣诞节](https://th.wallhaven.cc/small/gj/gj9e7e.jpg)\n## 平安夜 && 圣诞节\n\n### 1.圣诞新年\n\n平安夜指12月24日晚，是圣诞夜的意思，英语叫Christmas Eve（圣诞前夕，圣诞前夜），平安夜也用来表示圣诞节前一天。巧得很，和中国民间的“扫尘节”一样（夏历12月24日，在全国大部分地区的家庭里都要扫尘，“尘”和“陈”谐音，“扫尘”因而有“除旧”的意思），在旧时的欧洲，平安夜也是扫尘的日子。这一天尤其对农村的父母来说，是非常辛劳的一天。他们要为圣诞节和新年做许许多多事情：忙地里活、照料牲口、擦地板、洗厨具、烤圣诞鹅、做蛋糕、布置圣诞树、张罗圣诞礼物……等到全家团聚欢庆平安夜的时候，父母们通常已经累得直不起腰了。\n\n很多人询问平安夜的由来。圣诞节是指12月25日，平安夜是指12月24日是圣诞前夕，称为圣诞夜，也称为平安夜。届时，千千万万的欧美人风尘仆仆地赶回家中团聚。圣诞之夜必不可少的节目是Party或聚会。大多数欧美家庭成员团聚在家中，共进丰盛的晚餐，然后围坐在熊熊燃烧的火炉旁，弹琴唱歌，共叙天伦之乐；或者举办一个别开生面的化妆舞会，通宵达旦地庆祝圣诞夜是一个幸福、祥和、狂欢的平安夜、团圆夜。圣诞之夜，父母们会悄悄地给孩子们准备礼物放在长统袜里。\n\n圣诞夜的高潮是基督教堂在圣诞夜举行的活动。圣诞夜弥撒一般分为两次，晚上9～10点的一次对教众举行；另一次是子夜时分的大弥撒，这是圣诞夜的高潮。子夜大弥撒在午夜结束，此时，正好圣诞节来临，常常伴随着教堂的钟声，敲响了对世界的宽恕、祝福和欢乐、幸福。\n\n### 2.唱圣诞歌\n\n圣诞夜唱圣诞歌，这是古老的传统；据不完全统计，全世界有记载的圣诞歌约有上千首；久唱不衰的有五十几首，而最有名的圣诞歌是《平安夜》。这首歌共有6小节，通常流行的是3小节（原作中的第一、第二和第六小节）第一节的歌词大意为：平安夜，神圣的夜！/人人安息，/至圣独醒。/慈祥鬈发的儿子，/睡吧，在美妙的宁静中，/睡吧，在美妙的宁静中。第一句就是“平安夜”，歌名因此也叫《平安夜》，从此，圣诞夜就得名“平安夜”。 \n\n1792年12月11日，约瑟夫·莫尔作为编织女工安娜·朔伊贝尔和当地驻军的一个步兵的私生子在奥地利萨尔茨堡出生，父亲因害怕而逃走。洗礼时，只好请了萨尔茨堡的一个名叫约瑟夫·沃尔格穆特的刽子手当教父。莫尔心地善良，好为弱者、穷人和孩子们做事，但不幸的身世使年轻的莫尔不断受到驱赶，直至1815年，莫尔才担任萨尔茨堡附近奥伯恩多夫小镇的牧师，在那儿的集市上认识了来自邻镇阿恩斯多夫的小学教师和集市组织者弗兰茨·克萨弗·格鲁贝尔，两人成了好朋友。莫尔（作词）和格鲁贝尔（作曲）合作的圣诞歌《平安夜》于1818年12月24日首次在奥伯恩多夫镇教堂演唱，由于管风琴被老鼠咬坏，临时改用吉他伴奏。顺便提一下，《平安夜》几乎译成了全世界所有的语言，歌词原文是用德语写的，第一句是Stille Nacht（寂静的夜或安静的夜），安静或寂静与“平安”还是有区别的，但最早就以“平安夜”被译成了中文，先入为主吧。\n\n1914年12月24日，参加第一次世界大战的各国士兵自发停战，他们从广播中听到了奥地利歌剧女演员奥丽丝·舒曼演唱的《平安夜》。此时此刻，她的两个儿子都在前线聆听母亲的演唱，一个在德军的战壕里，另一个在协约国军队的前沿阵地，他们多么希望战争早日结束，回家和母亲团聚。\n不管在哪里、如何欢度平安夜，需要记住的是，《平安夜》见证了世界人民渴望和平的心愿，在平安夜要感恩你们的父母亲。\n\n### 3.平安果文案\n\n1. 平安夜，吃一个苹果代表平安的话，那我吃两个苹果，是不是就可以平平安安！\n\n2. 比平安夜收不到苹果更心酸的事，大概就是送不出苹果了吧。\n\n3. 今天平安夜记得吃苹果，明天圣诞节记得吃圣诞树。\n\n4. 如果在平安夜没有收到我的任何表示，请不要怀疑我们的友谊，我只是穷了而已。\n\n5. 是平安夜是圣诞节，是落叶是初雪，是你喜欢的音乐我喜欢的句子，还有你。\n\n6. 听说在平安夜的晚上，把袜子翻过来，里朝外，挂起来，整个世界都是你的礼物。\n\n7. 把麋鹿挂在圣诞树上，把我挂在你心上。\n\n8. 我是铃儿你是叮当，因为铃儿响叮当。\n\n9. merry Christmas不如marry me。\n\n10. 我可以做你的平安果吗。\n\n### 4.圣诞节送什么礼物给女朋友?\n\n1. 我跟圣诞老人说礼物是我 小朋友 是你\n\n2. 圣诞老人说他很忙，于是托我告诉你他把你的礼物放在了镜子里，只要你冲着它笑，礼物就会出现在你面前！\n\n3. 你不是老吵着圣诞节要礼物遇到我就是上天给你最好的礼物\n\n4. 我是铃儿你是叮当因为铃儿想叮当\n\n5. 如果有一天你被圣诞老人装进袋子里别担心 因为你就是我要的圣诞礼物\n\n6. 你把前置摄像头打开 看到了吗里面是我最想要的圣诞礼物\n\n7. 我收到过最好的圣诞礼物是穿越风雪为我而来的你\n\n8. 我是白胡子老头快开门 我送礼物来了哟\n\n9. 让我住进你心里就是你给我最好的圣诞礼物\n\n10. 把麋鹿挂在圣诞树上把你挂在我心上\n\n","slug":"Ping-An-Ye","published":1,"updated":"2019-12-24T02:25:39.110Z","photos":[],"link":"","_id":"ck4jfan3g000374uoh9ho1yq4","content":"<html><head></head><body><p>平安夜、圣诞节即将来了，难道送女朋友的礼物还没安排上吗？</p>\n<p>一定要抓住这个机会哦，</p>\n<p>否则这个年都不好过了，</p>\n<p>哈哈哈哈哈哈.</p>\n<p><a href=\"https://th.wallhaven.cc/small/gj/gj9e7e.jpg\" data-fancybox=\"group\" data-caption=\"平安夜、圣诞节\" class=\"fancybox\"><img alt=\"平安夜、圣诞节\" data-src=\"https://th.wallhaven.cc/small/gj/gj9e7e.jpg\" class=\"lazyload\" title=\"平安夜、圣诞节\"></a></p>\n<h2 id=\"平安夜-amp-amp-圣诞节\"><a href=\"#平安夜-amp-amp-圣诞节\" class=\"headerlink\" title=\"平安夜 && 圣诞节\"></a>平安夜 && 圣诞节</h2><h3 id=\"1-圣诞新年\"><a href=\"#1-圣诞新年\" class=\"headerlink\" title=\"1.圣诞新年\"></a>1.圣诞新年</h3><p>平安夜指12月24日晚，是圣诞夜的意思，英语叫Christmas Eve（圣诞前夕，圣诞前夜），平安夜也用来表示圣诞节前一天。巧得很，和中国民间的“扫尘节”一样（夏历12月24日，在全国大部分地区的家庭里都要扫尘，“尘”和“陈”谐音，“扫尘”因而有“除旧”的意思），在旧时的欧洲，平安夜也是扫尘的日子。这一天尤其对农村的父母来说，是非常辛劳的一天。他们要为圣诞节和新年做许许多多事情：忙地里活、照料牲口、擦地板、洗厨具、烤圣诞鹅、做蛋糕、布置圣诞树、张罗圣诞礼物……等到全家团聚欢庆平安夜的时候，父母们通常已经累得直不起腰了。</p>\n<p>很多人询问平安夜的由来。圣诞节是指12月25日，平安夜是指12月24日是圣诞前夕，称为圣诞夜，也称为平安夜。届时，千千万万的欧美人风尘仆仆地赶回家中团聚。圣诞之夜必不可少的节目是Party或聚会。大多数欧美家庭成员团聚在家中，共进丰盛的晚餐，然后围坐在熊熊燃烧的火炉旁，弹琴唱歌，共叙天伦之乐；或者举办一个别开生面的化妆舞会，通宵达旦地庆祝圣诞夜是一个幸福、祥和、狂欢的平安夜、团圆夜。圣诞之夜，父母们会悄悄地给孩子们准备礼物放在长统袜里。</p>\n<p>圣诞夜的高潮是基督教堂在圣诞夜举行的活动。圣诞夜弥撒一般分为两次，晚上9～10点的一次对教众举行；另一次是子夜时分的大弥撒，这是圣诞夜的高潮。子夜大弥撒在午夜结束，此时，正好圣诞节来临，常常伴随着教堂的钟声，敲响了对世界的宽恕、祝福和欢乐、幸福。</p>\n<h3 id=\"2-唱圣诞歌\"><a href=\"#2-唱圣诞歌\" class=\"headerlink\" title=\"2.唱圣诞歌\"></a>2.唱圣诞歌</h3><p>圣诞夜唱圣诞歌，这是古老的传统；据不完全统计，全世界有记载的圣诞歌约有上千首；久唱不衰的有五十几首，而最有名的圣诞歌是《平安夜》。这首歌共有6小节，通常流行的是3小节（原作中的第一、第二和第六小节）第一节的歌词大意为：平安夜，神圣的夜！/人人安息，/至圣独醒。/慈祥鬈发的儿子，/睡吧，在美妙的宁静中，/睡吧，在美妙的宁静中。第一句就是“平安夜”，歌名因此也叫《平安夜》，从此，圣诞夜就得名“平安夜”。 </p>\n<p>1792年12月11日，约瑟夫·莫尔作为编织女工安娜·朔伊贝尔和当地驻军的一个步兵的私生子在奥地利萨尔茨堡出生，父亲因害怕而逃走。洗礼时，只好请了萨尔茨堡的一个名叫约瑟夫·沃尔格穆特的刽子手当教父。莫尔心地善良，好为弱者、穷人和孩子们做事，但不幸的身世使年轻的莫尔不断受到驱赶，直至1815年，莫尔才担任萨尔茨堡附近奥伯恩多夫小镇的牧师，在那儿的集市上认识了来自邻镇阿恩斯多夫的小学教师和集市组织者弗兰茨·克萨弗·格鲁贝尔，两人成了好朋友。莫尔（作词）和格鲁贝尔（作曲）合作的圣诞歌《平安夜》于1818年12月24日首次在奥伯恩多夫镇教堂演唱，由于管风琴被老鼠咬坏，临时改用吉他伴奏。顺便提一下，《平安夜》几乎译成了全世界所有的语言，歌词原文是用德语写的，第一句是Stille Nacht（寂静的夜或安静的夜），安静或寂静与“平安”还是有区别的，但最早就以“平安夜”被译成了中文，先入为主吧。</p>\n<p>1914年12月24日，参加第一次世界大战的各国士兵自发停战，他们从广播中听到了奥地利歌剧女演员奥丽丝·舒曼演唱的《平安夜》。此时此刻，她的两个儿子都在前线聆听母亲的演唱，一个在德军的战壕里，另一个在协约国军队的前沿阵地，他们多么希望战争早日结束，回家和母亲团聚。<br>不管在哪里、如何欢度平安夜，需要记住的是，《平安夜》见证了世界人民渴望和平的心愿，在平安夜要感恩你们的父母亲。</p>\n<h3 id=\"3-平安果文案\"><a href=\"#3-平安果文案\" class=\"headerlink\" title=\"3.平安果文案\"></a>3.平安果文案</h3><ol>\n<li><p>平安夜，吃一个苹果代表平安的话，那我吃两个苹果，是不是就可以平平安安！</p>\n</li>\n<li><p>比平安夜收不到苹果更心酸的事，大概就是送不出苹果了吧。</p>\n</li>\n<li><p>今天平安夜记得吃苹果，明天圣诞节记得吃圣诞树。</p>\n</li>\n<li><p>如果在平安夜没有收到我的任何表示，请不要怀疑我们的友谊，我只是穷了而已。</p>\n</li>\n<li><p>是平安夜是圣诞节，是落叶是初雪，是你喜欢的音乐我喜欢的句子，还有你。</p>\n</li>\n<li><p>听说在平安夜的晚上，把袜子翻过来，里朝外，挂起来，整个世界都是你的礼物。</p>\n</li>\n<li><p>把麋鹿挂在圣诞树上，把我挂在你心上。</p>\n</li>\n<li><p>我是铃儿你是叮当，因为铃儿响叮当。</p>\n</li>\n<li><p>merry Christmas不如marry me。</p>\n</li>\n<li><p>我可以做你的平安果吗。</p>\n</li>\n</ol>\n<h3 id=\"4-圣诞节送什么礼物给女朋友\"><a href=\"#4-圣诞节送什么礼物给女朋友\" class=\"headerlink\" title=\"4.圣诞节送什么礼物给女朋友?\"></a>4.圣诞节送什么礼物给女朋友?</h3><ol>\n<li><p>我跟圣诞老人说礼物是我 小朋友 是你</p>\n</li>\n<li><p>圣诞老人说他很忙，于是托我告诉你他把你的礼物放在了镜子里，只要你冲着它笑，礼物就会出现在你面前！</p>\n</li>\n<li><p>你不是老吵着圣诞节要礼物遇到我就是上天给你最好的礼物</p>\n</li>\n<li><p>我是铃儿你是叮当因为铃儿想叮当</p>\n</li>\n<li><p>如果有一天你被圣诞老人装进袋子里别担心 因为你就是我要的圣诞礼物</p>\n</li>\n<li><p>你把前置摄像头打开 看到了吗里面是我最想要的圣诞礼物</p>\n</li>\n<li><p>我收到过最好的圣诞礼物是穿越风雪为我而来的你</p>\n</li>\n<li><p>我是白胡子老头快开门 我送礼物来了哟</p>\n</li>\n<li><p>让我住进你心里就是你给我最好的圣诞礼物</p>\n</li>\n<li><p>把麋鹿挂在圣诞树上把你挂在我心上</p>\n</li>\n</ol>\n</body></html>","site":{"data":{}},"excerpt":"","more":"<p>平安夜、圣诞节即将来了，难道送女朋友的礼物还没安排上吗？</p>\n<p>一定要抓住这个机会哦，</p>\n<p>否则这个年都不好过了，</p>\n<p>哈哈哈哈哈哈.</p>\n<p><img src=\"https://th.wallhaven.cc/small/gj/gj9e7e.jpg\" alt=\"平安夜、圣诞节\"></p>\n<h2 id=\"平安夜-amp-amp-圣诞节\"><a href=\"#平安夜-amp-amp-圣诞节\" class=\"headerlink\" title=\"平安夜 &amp;&amp; 圣诞节\"></a>平安夜 &amp;&amp; 圣诞节</h2><h3 id=\"1-圣诞新年\"><a href=\"#1-圣诞新年\" class=\"headerlink\" title=\"1.圣诞新年\"></a>1.圣诞新年</h3><p>平安夜指12月24日晚，是圣诞夜的意思，英语叫Christmas Eve（圣诞前夕，圣诞前夜），平安夜也用来表示圣诞节前一天。巧得很，和中国民间的“扫尘节”一样（夏历12月24日，在全国大部分地区的家庭里都要扫尘，“尘”和“陈”谐音，“扫尘”因而有“除旧”的意思），在旧时的欧洲，平安夜也是扫尘的日子。这一天尤其对农村的父母来说，是非常辛劳的一天。他们要为圣诞节和新年做许许多多事情：忙地里活、照料牲口、擦地板、洗厨具、烤圣诞鹅、做蛋糕、布置圣诞树、张罗圣诞礼物……等到全家团聚欢庆平安夜的时候，父母们通常已经累得直不起腰了。</p>\n<p>很多人询问平安夜的由来。圣诞节是指12月25日，平安夜是指12月24日是圣诞前夕，称为圣诞夜，也称为平安夜。届时，千千万万的欧美人风尘仆仆地赶回家中团聚。圣诞之夜必不可少的节目是Party或聚会。大多数欧美家庭成员团聚在家中，共进丰盛的晚餐，然后围坐在熊熊燃烧的火炉旁，弹琴唱歌，共叙天伦之乐；或者举办一个别开生面的化妆舞会，通宵达旦地庆祝圣诞夜是一个幸福、祥和、狂欢的平安夜、团圆夜。圣诞之夜，父母们会悄悄地给孩子们准备礼物放在长统袜里。</p>\n<p>圣诞夜的高潮是基督教堂在圣诞夜举行的活动。圣诞夜弥撒一般分为两次，晚上9～10点的一次对教众举行；另一次是子夜时分的大弥撒，这是圣诞夜的高潮。子夜大弥撒在午夜结束，此时，正好圣诞节来临，常常伴随着教堂的钟声，敲响了对世界的宽恕、祝福和欢乐、幸福。</p>\n<h3 id=\"2-唱圣诞歌\"><a href=\"#2-唱圣诞歌\" class=\"headerlink\" title=\"2.唱圣诞歌\"></a>2.唱圣诞歌</h3><p>圣诞夜唱圣诞歌，这是古老的传统；据不完全统计，全世界有记载的圣诞歌约有上千首；久唱不衰的有五十几首，而最有名的圣诞歌是《平安夜》。这首歌共有6小节，通常流行的是3小节（原作中的第一、第二和第六小节）第一节的歌词大意为：平安夜，神圣的夜！/人人安息，/至圣独醒。/慈祥鬈发的儿子，/睡吧，在美妙的宁静中，/睡吧，在美妙的宁静中。第一句就是“平安夜”，歌名因此也叫《平安夜》，从此，圣诞夜就得名“平安夜”。 </p>\n<p>1792年12月11日，约瑟夫·莫尔作为编织女工安娜·朔伊贝尔和当地驻军的一个步兵的私生子在奥地利萨尔茨堡出生，父亲因害怕而逃走。洗礼时，只好请了萨尔茨堡的一个名叫约瑟夫·沃尔格穆特的刽子手当教父。莫尔心地善良，好为弱者、穷人和孩子们做事，但不幸的身世使年轻的莫尔不断受到驱赶，直至1815年，莫尔才担任萨尔茨堡附近奥伯恩多夫小镇的牧师，在那儿的集市上认识了来自邻镇阿恩斯多夫的小学教师和集市组织者弗兰茨·克萨弗·格鲁贝尔，两人成了好朋友。莫尔（作词）和格鲁贝尔（作曲）合作的圣诞歌《平安夜》于1818年12月24日首次在奥伯恩多夫镇教堂演唱，由于管风琴被老鼠咬坏，临时改用吉他伴奏。顺便提一下，《平安夜》几乎译成了全世界所有的语言，歌词原文是用德语写的，第一句是Stille Nacht（寂静的夜或安静的夜），安静或寂静与“平安”还是有区别的，但最早就以“平安夜”被译成了中文，先入为主吧。</p>\n<p>1914年12月24日，参加第一次世界大战的各国士兵自发停战，他们从广播中听到了奥地利歌剧女演员奥丽丝·舒曼演唱的《平安夜》。此时此刻，她的两个儿子都在前线聆听母亲的演唱，一个在德军的战壕里，另一个在协约国军队的前沿阵地，他们多么希望战争早日结束，回家和母亲团聚。<br>不管在哪里、如何欢度平安夜，需要记住的是，《平安夜》见证了世界人民渴望和平的心愿，在平安夜要感恩你们的父母亲。</p>\n<h3 id=\"3-平安果文案\"><a href=\"#3-平安果文案\" class=\"headerlink\" title=\"3.平安果文案\"></a>3.平安果文案</h3><ol>\n<li><p>平安夜，吃一个苹果代表平安的话，那我吃两个苹果，是不是就可以平平安安！</p>\n</li>\n<li><p>比平安夜收不到苹果更心酸的事，大概就是送不出苹果了吧。</p>\n</li>\n<li><p>今天平安夜记得吃苹果，明天圣诞节记得吃圣诞树。</p>\n</li>\n<li><p>如果在平安夜没有收到我的任何表示，请不要怀疑我们的友谊，我只是穷了而已。</p>\n</li>\n<li><p>是平安夜是圣诞节，是落叶是初雪，是你喜欢的音乐我喜欢的句子，还有你。</p>\n</li>\n<li><p>听说在平安夜的晚上，把袜子翻过来，里朝外，挂起来，整个世界都是你的礼物。</p>\n</li>\n<li><p>把麋鹿挂在圣诞树上，把我挂在你心上。</p>\n</li>\n<li><p>我是铃儿你是叮当，因为铃儿响叮当。</p>\n</li>\n<li><p>merry Christmas不如marry me。</p>\n</li>\n<li><p>我可以做你的平安果吗。</p>\n</li>\n</ol>\n<h3 id=\"4-圣诞节送什么礼物给女朋友\"><a href=\"#4-圣诞节送什么礼物给女朋友\" class=\"headerlink\" title=\"4.圣诞节送什么礼物给女朋友?\"></a>4.圣诞节送什么礼物给女朋友?</h3><ol>\n<li><p>我跟圣诞老人说礼物是我 小朋友 是你</p>\n</li>\n<li><p>圣诞老人说他很忙，于是托我告诉你他把你的礼物放在了镜子里，只要你冲着它笑，礼物就会出现在你面前！</p>\n</li>\n<li><p>你不是老吵着圣诞节要礼物遇到我就是上天给你最好的礼物</p>\n</li>\n<li><p>我是铃儿你是叮当因为铃儿想叮当</p>\n</li>\n<li><p>如果有一天你被圣诞老人装进袋子里别担心 因为你就是我要的圣诞礼物</p>\n</li>\n<li><p>你把前置摄像头打开 看到了吗里面是我最想要的圣诞礼物</p>\n</li>\n<li><p>我收到过最好的圣诞礼物是穿越风雪为我而来的你</p>\n</li>\n<li><p>我是白胡子老头快开门 我送礼物来了哟</p>\n</li>\n<li><p>让我住进你心里就是你给我最好的圣诞礼物</p>\n</li>\n<li><p>把麋鹿挂在圣诞树上把你挂在我心上</p>\n</li>\n</ol>\n"},{"title":"Hello World","_content":"Welcome to [Hexo](https://hexo.io/)! This is your very first post. Check [documentation](https://hexo.io/docs/) for more info. If you get any problems when using Hexo, you can find the answer in [troubleshooting](https://hexo.io/docs/troubleshooting.html) or you can ask me on [GitHub](https://github.com/hexojs/hexo/issues).\n\n## Quick Start\n\n### Create a new post\n\n``` bash\n$ hexo new \"My New Post\"\n```\n\nMore info: [Writing](https://hexo.io/docs/writing.html)\n\n### Run server\n\n``` bash\n$ hexo server\n```\n\nMore info: [Server](https://hexo.io/docs/server.html)\n\n### Generate static files\n\n``` bash\n$ hexo generate\n```\n\nMore info: [Generating](https://hexo.io/docs/generating.html)\n\n### Deploy to remote sites\n\n``` bash\n$ hexo deploy\n```\n\nMore info: [Deployment](https://hexo.io/docs/one-command-deployment.html)\n","source":"_posts/hello-world.md","raw":"---\ntitle: Hello World\n---\nWelcome to [Hexo](https://hexo.io/)! This is your very first post. Check [documentation](https://hexo.io/docs/) for more info. If you get any problems when using Hexo, you can find the answer in [troubleshooting](https://hexo.io/docs/troubleshooting.html) or you can ask me on [GitHub](https://github.com/hexojs/hexo/issues).\n\n## Quick Start\n\n### Create a new post\n\n``` bash\n$ hexo new \"My New Post\"\n```\n\nMore info: [Writing](https://hexo.io/docs/writing.html)\n\n### Run server\n\n``` bash\n$ hexo server\n```\n\nMore info: [Server](https://hexo.io/docs/server.html)\n\n### Generate static files\n\n``` bash\n$ hexo generate\n```\n\nMore info: [Generating](https://hexo.io/docs/generating.html)\n\n### Deploy to remote sites\n\n``` bash\n$ hexo deploy\n```\n\nMore info: [Deployment](https://hexo.io/docs/one-command-deployment.html)\n","slug":"hello-world","published":1,"date":"2019-12-23T01:41:27.336Z","updated":"2019-12-22T02:53:07.172Z","comments":1,"layout":"post","photos":[],"link":"","_id":"ck4jfan3k000574uogogs2rvb","content":"<html><head></head><body><p>Welcome to <a href=\"https://hexo.io/\" target=\"_blank\" rel=\"noopener\">Hexo</a>! This is your very first post. Check <a href=\"https://hexo.io/docs/\" target=\"_blank\" rel=\"noopener\">documentation</a> for more info. If you get any problems when using Hexo, you can find the answer in <a href=\"https://hexo.io/docs/troubleshooting.html\" target=\"_blank\" rel=\"noopener\">troubleshooting</a> or you can ask me on <a href=\"https://github.com/hexojs/hexo/issues\" target=\"_blank\" rel=\"noopener\">GitHub</a>.</p>\n<h2 id=\"Quick-Start\"><a href=\"#Quick-Start\" class=\"headerlink\" title=\"Quick Start\"></a>Quick Start</h2><h3 id=\"Create-a-new-post\"><a href=\"#Create-a-new-post\" class=\"headerlink\" title=\"Create a new post\"></a>Create a new post</h3><div class=\"code-area-wrap\"><div class=\"highlight-tools\"><i class=\"fa fa-angle-down code-expand\" aria-hidden=\"true\"></i><div class=\"code_lang\">bash</div><div class=\"copy-notice\"></div><i class=\"fa fa-clipboard\" aria-hidden=\"true\"></i></div><figure class=\"highlight bash\"><table><tbody><tr><td class=\"gutter\"><pre><span class=\"line\">1</span><br></pre></td><td class=\"code\"><pre><span class=\"line\">$ hexo new <span class=\"string\">\"My New Post\"</span></span><br></pre></td></tr></tbody></table></figure></div>\n\n<p>More info: <a href=\"https://hexo.io/docs/writing.html\" target=\"_blank\" rel=\"noopener\">Writing</a></p>\n<h3 id=\"Run-server\"><a href=\"#Run-server\" class=\"headerlink\" title=\"Run server\"></a>Run server</h3><div class=\"code-area-wrap\"><div class=\"highlight-tools\"><i class=\"fa fa-angle-down code-expand\" aria-hidden=\"true\"></i><div class=\"code_lang\">bash</div><div class=\"copy-notice\"></div><i class=\"fa fa-clipboard\" aria-hidden=\"true\"></i></div><figure class=\"highlight bash\"><table><tbody><tr><td class=\"gutter\"><pre><span class=\"line\">1</span><br></pre></td><td class=\"code\"><pre><span class=\"line\">$ hexo server</span><br></pre></td></tr></tbody></table></figure></div>\n\n<p>More info: <a href=\"https://hexo.io/docs/server.html\" target=\"_blank\" rel=\"noopener\">Server</a></p>\n<h3 id=\"Generate-static-files\"><a href=\"#Generate-static-files\" class=\"headerlink\" title=\"Generate static files\"></a>Generate static files</h3><div class=\"code-area-wrap\"><div class=\"highlight-tools\"><i class=\"fa fa-angle-down code-expand\" aria-hidden=\"true\"></i><div class=\"code_lang\">bash</div><div class=\"copy-notice\"></div><i class=\"fa fa-clipboard\" aria-hidden=\"true\"></i></div><figure class=\"highlight bash\"><table><tbody><tr><td class=\"gutter\"><pre><span class=\"line\">1</span><br></pre></td><td class=\"code\"><pre><span class=\"line\">$ hexo generate</span><br></pre></td></tr></tbody></table></figure></div>\n\n<p>More info: <a href=\"https://hexo.io/docs/generating.html\" target=\"_blank\" rel=\"noopener\">Generating</a></p>\n<h3 id=\"Deploy-to-remote-sites\"><a href=\"#Deploy-to-remote-sites\" class=\"headerlink\" title=\"Deploy to remote sites\"></a>Deploy to remote sites</h3><div class=\"code-area-wrap\"><div class=\"highlight-tools\"><i class=\"fa fa-angle-down code-expand\" aria-hidden=\"true\"></i><div class=\"code_lang\">bash</div><div class=\"copy-notice\"></div><i class=\"fa fa-clipboard\" aria-hidden=\"true\"></i></div><figure class=\"highlight bash\"><table><tbody><tr><td class=\"gutter\"><pre><span class=\"line\">1</span><br></pre></td><td class=\"code\"><pre><span class=\"line\">$ hexo deploy</span><br></pre></td></tr></tbody></table></figure></div>\n\n<p>More info: <a href=\"https://hexo.io/docs/one-command-deployment.html\" target=\"_blank\" rel=\"noopener\">Deployment</a></p>\n</body></html>","site":{"data":{}},"cover":"https://cdn.jsdelivr.net/gh/jerryc127/butterfly_cdn@2.1.0/top_img/default.png","excerpt":"","more":"<p>Welcome to <a href=\"https://hexo.io/\" target=\"_blank\" rel=\"noopener\">Hexo</a>! This is your very first post. Check <a href=\"https://hexo.io/docs/\" target=\"_blank\" rel=\"noopener\">documentation</a> for more info. If you get any problems when using Hexo, you can find the answer in <a href=\"https://hexo.io/docs/troubleshooting.html\" target=\"_blank\" rel=\"noopener\">troubleshooting</a> or you can ask me on <a href=\"https://github.com/hexojs/hexo/issues\" target=\"_blank\" rel=\"noopener\">GitHub</a>.</p>\n<h2 id=\"Quick-Start\"><a href=\"#Quick-Start\" class=\"headerlink\" title=\"Quick Start\"></a>Quick Start</h2><h3 id=\"Create-a-new-post\"><a href=\"#Create-a-new-post\" class=\"headerlink\" title=\"Create a new post\"></a>Create a new post</h3><figure class=\"highlight bash\"><table><tr><td class=\"gutter\"><pre><span class=\"line\">1</span><br></pre></td><td class=\"code\"><pre><span class=\"line\">$ hexo new <span class=\"string\">\"My New Post\"</span></span><br></pre></td></tr></table></figure>\n\n<p>More info: <a href=\"https://hexo.io/docs/writing.html\" target=\"_blank\" rel=\"noopener\">Writing</a></p>\n<h3 id=\"Run-server\"><a href=\"#Run-server\" class=\"headerlink\" title=\"Run server\"></a>Run server</h3><figure class=\"highlight bash\"><table><tr><td class=\"gutter\"><pre><span class=\"line\">1</span><br></pre></td><td class=\"code\"><pre><span class=\"line\">$ hexo server</span><br></pre></td></tr></table></figure>\n\n<p>More info: <a href=\"https://hexo.io/docs/server.html\" target=\"_blank\" rel=\"noopener\">Server</a></p>\n<h3 id=\"Generate-static-files\"><a href=\"#Generate-static-files\" class=\"headerlink\" title=\"Generate static files\"></a>Generate static files</h3><figure class=\"highlight bash\"><table><tr><td class=\"gutter\"><pre><span class=\"line\">1</span><br></pre></td><td class=\"code\"><pre><span class=\"line\">$ hexo generate</span><br></pre></td></tr></table></figure>\n\n<p>More info: <a href=\"https://hexo.io/docs/generating.html\" target=\"_blank\" rel=\"noopener\">Generating</a></p>\n<h3 id=\"Deploy-to-remote-sites\"><a href=\"#Deploy-to-remote-sites\" class=\"headerlink\" title=\"Deploy to remote sites\"></a>Deploy to remote sites</h3><figure class=\"highlight bash\"><table><tr><td class=\"gutter\"><pre><span class=\"line\">1</span><br></pre></td><td class=\"code\"><pre><span class=\"line\">$ hexo deploy</span><br></pre></td></tr></table></figure>\n\n<p>More info: <a href=\"https://hexo.io/docs/one-command-deployment.html\" target=\"_blank\" rel=\"noopener\">Deployment</a></p>\n"},{"layout":"_post","title":"19年倒计时","date":"2019-12-28T10:16:22.000Z","type":"tags","comments":1,"description":"2019年倒计时的前三天","top_img":"https://w.wallhaven.cc/full/0w/wallhaven-0wmg1r.jpg","cover":"https://w.wallhaven.cc/full/4l/wallhaven-4l2x2q.jpg","_content":"今天是2019年12月28日 礼拜六 。今天发生一件事：`公司搬家了`\n从水湾到后海，这边总体环境还不错，搬家比较累吧，搬一次家，就能重新认识一个地。\n其实今天心情不太乐观，或许那玩意来了，还好自己身体没有以前那么疼痛。或许只是工作一方面吧。","source":"_posts/daojishi.md","raw":"---\nlayout: _post\ntitle: '19年倒计时'\ndate: 2019-12-28 18:16:22\ntype: tags #（tags,link,categories这三个页面需要配置）\ncomments: true # (是否需要显示评论，默认true)\ndescription: '2019年倒计时的前三天'\ntop_img: 'https://w.wallhaven.cc/full/0w/wallhaven-0wmg1r.jpg' #设置顶部图\ncover: 'https://w.wallhaven.cc/full/4l/wallhaven-4l2x2q.jpg'  #缩略图\n\n---\n今天是2019年12月28日 礼拜六 。今天发生一件事：`公司搬家了`\n从水湾到后海，这边总体环境还不错，搬家比较累吧，搬一次家，就能重新认识一个地。\n其实今天心情不太乐观，或许那玩意来了，还好自己身体没有以前那么疼痛。或许只是工作一方面吧。","slug":"daojishi","published":1,"updated":"2019-12-28T10:20:37.048Z","photos":[],"link":"","_id":"ck4pfqp2w0000douo0xea54bf","content":"<html><head></head><body><p>今天是2019年12月28日 礼拜六 。今天发生一件事：<code>公司搬家了</code><br>从水湾到后海，这边总体环境还不错，搬家比较累吧，搬一次家，就能重新认识一个地。<br>其实今天心情不太乐观，或许那玩意来了，还好自己身体没有以前那么疼痛。或许只是工作一方面吧。</p>\n</body></html>","site":{"data":{}},"excerpt":"","more":"<p>今天是2019年12月28日 礼拜六 。今天发生一件事：<code>公司搬家了</code><br>从水湾到后海，这边总体环境还不错，搬家比较累吧，搬一次家，就能重新认识一个地。<br>其实今天心情不太乐观，或许那玩意来了，还好自己身体没有以前那么疼痛。或许只是工作一方面吧。</p>\n"}],"PostAsset":[],"PostCategory":[{"post_id":"ck4jfan3g000374uoh9ho1yq4","category_id":"ck4jfan3l000674uode53ax4z","_id":"ck4jfan3v000e74uohtsk9oyk"}],"PostTag":[{"post_id":"ck4jfan3g000374uoh9ho1yq4","tag_id":"ck4jfan3n000774uofyz5279l","_id":"ck4jfan3s000b74uo5koh93gf"}],"Tag":[{"name":"Festival","_id":"ck4jfan3n000774uofyz5279l"}]}}